{
  "bestMass1": [
    1.0,
    0.7988487,
    0.119771808,
    -0.7611435
  ],
  "bestMass2": [
    -0.0526991338,
    -1.0
  ],
  "generation": 3
}